id,nome,email,telefone,endereco,data_registro
23124,Leandro Sousa,hfonseca@example.org,+55 84 1656 3796,"Sítio Maria Luísa Oliveira
Vila Aeroporto Jaraguá
37700285 da Mata Grande / MS",2024-05-16
32448,Breno Nascimento,manuelamontenegro@example.com,+55 (081) 6315 7368,"Viaduto Yago Barbosa
Parque São Pedro
49858916 Novais de Moura / AP",2023-11-06
28463,Ísis Rodrigues,manuellaaragao@example.net,41 9021-8317,"Via de Vasconcelos, 53
Vista Alegre
77719-791 Campos / PB",2020-02-19
96456,Yasmin Pinto,vianaigor@example.net,+55 (031) 9608-8322,"Praça Carvalho, 59
Dom Silverio
74149963 Ribeiro / PB",2021-12-24
69472,Ravi da Cruz,thalesribeiro@example.net,0500-297-3481,"Viela de das Neves, 538
Mineirão
49712200 Machado / DF",2022-06-25
79744,Maria Isis Farias,carlos-eduardonovaes@example.com,81 1280 5511,"Campo Barros
Chácara Leonina
32368729 Almeida / RS",2023-08-31
14709,Vinícius Barbosa,olivia54@example.com,+55 (051) 3322 7757,"Vereda Costela
Santa Isabel
84214222 Rocha das Flores / PI",2024-01-30
80744,Yago Fogaça,thomasrios@example.org,(051) 6508 6218,"Ladeira de Montenegro, 245
Jardim Felicidade
96118-720 Oliveira das Flores / MS",2023-06-11
85928,Thiago Garcia,limaenrico@example.com,+55 21 6659 1770,"Conjunto Viana, 96
Buritis
98406301 Almeida / PE",2020-03-03
79338,Calebe Porto,danielsantos@example.org,+55 (071) 4007-2116,"Favela Costela, 84
Vila Nova Gameleira 2ª Seção
37076-115 Sampaio / PB",2022-12-06
87439,Sr. João Lucas Lopes,sramos@example.net,+55 (081) 8135-7776,"Condomínio de da Mota, 6
Dom Joaquim
14698681 Dias Alegre / AP",2020-12-30
21352,Ana Clara Novaes,luigi07@example.org,+55 61 3241-4379,"Ladeira Rezende, 25
Olaria
53063-921 Rios / SE",2021-01-01
3105,Dra. Isadora Vieira,bento04@example.net,+55 61 0565 6403,"Núcleo Enrico Moraes, 9
Vila Suzana Segunda Seção
64691-780 Borges / RN",2022-06-22
10827,Sara da Cruz,mviana@example.com,+55 (071) 8698-7750,"Esplanada Macedo, 8
Conjunto Serra Verde
91654-828 Araújo dos Dourados / PB",2021-04-11
33854,Gustavo Rodrigues,olivia62@example.net,+55 (061) 1712-6634,"Setor de da Rocha, 20
Esperança
43864569 Borges do Campo / PR",2021-09-04
87558,José Miguel Novaes,gustavo-henrique19@example.net,+55 (071) 0574-6561,"Aeroporto Maria Júlia Pastor, 3
Prado
75101-102 Mendes / AC",2024-10-17
91300,Dr. Paulo Cirino,gfernandes@example.com,31 5810 5537,"Sítio de Siqueira, 17
Jonas Veiga
45937-827 Alves de Minas / RN",2022-03-24
3277,Matteo Fogaça,nascimentoluana@example.org,0800 768 9741,"Travessa Enrico Guerra, 111
Monsenhor Messias
00991-604 Mendes / MT",2024-02-12
72165,Rodrigo Machado,auroraaragao@example.org,+55 (061) 9817-9337,"Viela Viana
Vila São Rafael
64816-385 Cassiano / PR",2022-08-23
60358,Enrico Cunha,luccacastro@example.com,(061) 8928-6450,"Avenida Kamilly Porto
Centro
14523-068 da Rosa / MS",2022-10-05
96542,Lunna Albuquerque,almeidaliz@example.net,21 0959-1011,"Viaduto da Mata, 45
Nova Floresta
14799-897 Santos / TO",2022-05-14
5339,Mariane Jesus,bentobarbosa@example.com,(011) 4259 3464,"Núcleo Mendes, 56
Chácara Leonina
99391-905 Leão das Pedras / RS",2020-01-22
79701,Sara Brito,rsilva@example.org,(071) 0184-8499,"Núcleo Moraes
Graça
45377796 Carvalho / PA",2024-08-30
44244,Sarah Souza,cardosonicolas@example.com,81 5259 2700,"Favela Dante Lima, 59
Ernesto Nascimento
19954787 Nascimento de da Luz / RO",2024-01-12
9231,Leandro Martins,antonio69@example.org,0300-023-3913,"Residencial de da Conceição, 777
Delta
41723894 Teixeira da Praia / CE",2022-04-15
52344,Asafe Cavalcanti,oliviacavalcante@example.net,(071) 9171-5986,"Colônia de Marques, 646
Heliopolis
85633292 Brito / RN",2020-01-06
76391,Benício da Paz,mcastro@example.net,+55 11 3928-2684,"Alameda João Felipe Jesus, 951
Braúnas
33990-076 Vasconcelos / RS",2022-01-08
20432,Esther Lima,olivia51@example.net,61 2477-7711,"Favela Campos
Campo Alegre
22087013 Vargas Verde / TO",2022-02-16
11829,Theo Lopes,sara99@example.org,(084) 7475 0765,"Aeroporto Maria Clara Marques, 384
Vila Paris
55935-403 Fernandes / PI",2023-03-16
19019,Ana Júlia Martins,bbarros@example.com,21 0740 3775,"Recanto Renan Casa Grande, 1
Vila Barragem Santa Lúcia
05644-277 Ferreira / PA",2020-10-15
86976,Sr. Arthur Miguel da Paz,ana-ceciliacamargo@example.net,+55 51 5843 9775,"Travessa Gomes, 15
Virgínia
22293313 Pacheco das Pedras / MS",2020-06-15
79169,Clarice Moura,azevedojoao-vitor@example.com,41 7565 9674,"Esplanada de Camargo, 79
Dona Clara
93680292 Silveira de Freitas / GO",2020-06-14
29760,João Miguel Melo,miguel62@example.org,84 6889-1756,"Trevo de Peixoto, 553
Novo Tupi
80582801 Azevedo / SE",2020-06-16
78933,João Pedro Machado,sousalais@example.com,+55 (011) 3371 0613,"Recanto Rocha, 35
Conjunto Celso Machado
89124-708 da Mata do Oeste / PB",2020-08-18
39991,Henry Gabriel Aparecida,fpacheco@example.net,+55 71 7539 1547,"Praça de Sousa, 1
Betânia
10410793 Moura da Mata / RJ",2024-07-28
20742,Isaque Nascimento,eduardaborges@example.org,+55 81 9475-5042,"Pátio Duarte, 33
Outro
06004129 Santos do Norte / PE",2020-06-19
69446,Maria Sophia Borges,xduarte@example.org,0900-965-7963,"Lagoa Maria Alice Mendes, 33
Vila Santa Rosa
85157-297 da Costa da Serra / BA",2020-11-22
49460,Luan Borges,helena66@example.com,+55 41 5560 7620,"Favela Eduarda Cirino, 140
Conjunto Santa Maria
56978-120 Teixeira / TO",2022-01-14
76429,Marcelo Rios,gaelmachado@example.com,+55 (061) 6506 0528,"Chácara Pereira, 25
Europa
88377-908 da Rosa da Prata / RJ",2023-08-23
15231,Srta. Ana Sophia Cardoso,anthony-gabrielabreu@example.com,51 1211 3106,"Distrito Ana Clara Ribeiro, 93
Vila São Rafael
62852893 Pacheco dos Dourados / DF",2022-07-26
34603,Otto Pastor,julia64@example.org,+55 (071) 3904-2551,"Estrada Lucas Gabriel Melo, 333
Alto Dos Pinheiros
26215-941 Cavalcante / BA",2020-03-05
88950,Arthur Gabriel Aragão,smartins@example.org,+55 81 0277 0558,"Chácara de Silveira
Novo Aarão Reis
24965736 Marques de Rios / MS",2020-01-05
91845,Alexandre Brito,yasmin34@example.com,+55 71 7488 1291,"Largo Apollo Silveira
Casa Branca
18742167 Cavalcante / MG",2022-10-26
89306,João Gabriel Aragão,rafaeljesus@example.org,+55 (011) 1918-8310,"Esplanada Pinto, 4
Camponesa 2ª Seção
68347-957 Pereira da Serra / SC",2020-11-20
31952,Ana Liz Cirino,valentina45@example.org,0800 279 7544,"Condomínio João Gabriel Freitas, 893
Santana Do Cafezal
46819294 Ribeiro da Serra / PB",2024-07-06
9410,João Lucas Marques,cda-rosa@example.org,81 3773 3837,"Parque Nathan Cavalcanti, 1
Vila Tirol
85940-642 Oliveira Alegre / MG",2024-08-21
67207,Ana Vitória Pinto,jose-miguelpimenta@example.com,0900 330 9610,"Praia Aragão, 25
Bairro Das Indústrias Ii
98500190 Silva de Sá / GO",2021-01-29
86952,Maria Vitória da Conceição,ssampaio@example.com,0900-344-7588,"Trecho de Cavalcanti, 97
Vila União
32831-754 Dias / TO",2023-09-12
77801,Eloah Campos,arthur-miguel41@example.net,+55 61 4870 9291,"Viela Cecília Moreira, 46
Santa Efigênia
09103947 Cavalcante de Goiás / RR",2023-08-24
70451,Benjamim Novaes,da-conceicaoana-vitoria@example.org,21 7517 7541,"Estação de da Mata, 82
Brasil Industrial
21145979 Novaes / AM",2023-05-28
79460,Davi Lucas Rezende,guilhermesilva@example.org,+55 41 0038 2052,"Praia de Melo, 71
Zilah Sposito
69454-008 Siqueira / AP",2024-07-24
20790,Daniel Correia,cavalcantecarlos-eduardo@example.net,(084) 2545-8461,"Rodovia Gabriela Rios, 67
Vila Trinta E Um De Março
43324946 Cavalcante / AC",2024-09-30
28071,Daniel Nascimento,eloahcunha@example.org,(041) 7787 6373,"Fazenda Correia, 799
Serra
91568390 Araújo das Flores / MT",2023-12-15
34630,Isaque Azevedo,uguerra@example.net,+55 (021) 7139 8992,"Colônia Henrique Sá, 433
Conjunto Novo Dom Bosco
16307-354 Guerra / PR",2022-05-12
71042,Isabella Peixoto,montenegrocalebe@example.net,+55 41 0098-6328,"Esplanada Aylla Correia, 16
São João Batista
74070559 Oliveira / RR",2022-06-24
76415,Caroline Macedo,cbarros@example.org,+55 (051) 7545-4499,"Residencial de da Mata, 47
Colégio Batista
81397-730 Montenegro / AC",2020-03-01
45376,Sr. José Pedro Dias,icavalcanti@example.org,+55 (011) 4078 2209,"Colônia de Aparecida, 188
Nazare
50262-520 Ramos / AM",2021-01-05
31224,Ísis Araújo,kmendonca@example.net,+55 (041) 1575 6283,"Largo de Cavalcante, 7
Vila Santa Monica 2ª Seção
50571-431 Abreu / GO",2021-10-30
22517,Gustavo Henrique Sampaio,mariah26@example.org,81 0829 7043,"Ladeira de Pires, 15
Varzea Da Palma
01577-552 Leão / AL",2024-02-16
50379,Ágatha Leão,ymarques@example.com,+55 51 8298 7253,"Chácara Cavalcanti, 91
Barreiro
83012931 Novaes de Minas / MS",2024-05-20
307,Bernardo Sales,isisda-cunha@example.com,+55 11 8959-3699,"Praia Fogaça
Vila Nova Dos Milionarios
94691-454 da Mota / ES",2022-04-09
61601,Maria Isis Souza,da-luzenzo@example.com,(011) 3136-6155,"Loteamento de Abreu, 63
Aguas Claras
10453713 Siqueira / MA",2023-11-25
51911,Benicio Cavalcanti,machadoenzo-gabriel@example.com,+55 (061) 5819 9341,"Trevo Monteiro
São Gabriel
69603447 Monteiro / RS",2020-03-11
47584,Sr. José Pedro Fernandes,aragaosophia@example.org,+55 (031) 4781 0623,"Sítio Monteiro, 1
Vila Madre Gertrudes 1ª Seção
33540392 Costela da Prata / RS",2020-12-14
66911,Dr. Augusto Rios,macedovalentina@example.com,(084) 3383 9431,"Aeroporto Vitor Gabriel Pires, 4
Havaí
48124870 da Costa do Sul / MT",2023-05-25
704,Sr. Rafael Cirino,natalia96@example.com,(011) 2712-2646,"Setor Rezende, 49
Vila Independencia 1ª Seção
76883-539 Ribeiro do Oeste / PE",2020-02-08
17488,Diogo Moreira,gabriel03@example.org,84 3109 5989,"Lagoa Eduardo Cirino, 897
Vila Suzana Segunda Seção
39821-715 Fonseca / GO",2021-03-02
1354,Dra. Luísa Aparecida,heitor81@example.com,(084) 0230-3159,"Quadra de Câmara, 19
Vila Dos Anjos
00352982 Camargo / MG",2021-03-21
91921,Diego Câmara,caparecida@example.com,(071) 6312 6432,"Loteamento Rhavi Teixeira, 13
Distrito Industrial Do Jatoba
81771-908 Monteiro de da Conceição / RN",2021-04-25
99231,Ayla Leão,bbarbosa@example.org,84 9652 0568,"Via de Souza, 65
Esperança
00331436 Farias da Mata / PI",2022-11-12
6597,Sra. Rebeca Cirino,heitor13@example.org,84 2952-9171,"Chácara Eloah da Rocha, 25
Primeiro De Maio
54930-665 da Cunha dos Dourados / AM",2021-10-25
2933,Bella da Mata,vinicius11@example.org,+55 11 0492 3192,"Chácara de da Paz
Conjunto Califórnia I
82603666 Vasconcelos do Sul / MS",2020-07-08
69848,Mariana Casa Grande,cassianomanuella@example.net,+55 71 9479 8683,"Colônia de Castro
Ademar Maldonado
13524780 Pacheco da Praia / GO",2024-05-10
50596,Gabriela Campos,rcavalcanti@example.com,+55 (041) 7246-2448,"Pátio de Nogueira, 32
São João
95358-332 Cavalcante do Amparo / SP",2024-05-27
33408,Rodrigo Cirino,jcassiano@example.com,+55 84 0938 3307,"Vale de Novais, 74
Santa Sofia
66420-546 Melo da Prata / PB",2024-04-30
99083,Bianca Vasconcelos,davi-miguelgomes@example.net,+55 11 2373 0940,"Alameda de Pacheco, 38
Engenho Nogueira
58424552 da Cruz / RS",2021-10-29
18174,Liz Ferreira,ribeirobenjamim@example.com,31 4718 2973,"Área Azevedo, 50
Boa Vista
53107939 Vargas de Goiás / RN",2021-02-17
55972,Alice Pastor,eloahsouza@example.net,(041) 1890-6181,"Esplanada de Silva, 4
Vila Santa Monica 2ª Seção
21984240 Castro / RO",2022-09-13
28176,Arthur Miguel Melo,erick40@example.org,+55 81 0096-2618,"Campo de Lima, 78
Flamengo
83173403 Gonçalves / PA",2021-11-03
10048,Rael Gonçalves,teixeiramariah@example.org,+55 21 9073-4134,"Campo Manuela Melo, 26
Vila Barragem Santa Lúcia
30848321 Costela do Amparo / AL",2021-04-11
31976,Sophia Dias,vmartins@example.com,+55 (021) 7728 3900,"Morro Paulo Carvalho, 2
Solar Do Barreiro
93163-300 da Rocha de Goiás / PR",2021-06-12
71183,Kamilly Barbosa,dnovaes@example.org,31 5484 3673,"Sítio da Costa, 11
Estoril
30614-918 Mendonça do Oeste / SP",2023-05-04
89953,Samuel Pastor,mariana25@example.org,+55 21 3790-5160,"Praça de Novais, 990
Cidade Jardim Taquaril
76241-574 Rios / SP",2020-01-23
37300,Vinicius Nascimento,luisarodrigues@example.net,+55 71 4658 0673,"Parque Anthony Gabriel Santos, 11
Vitoria
66930773 da Paz do Sul / GO",2022-03-10
6904,Josué Silveira,rodriguesjoao-gabriel@example.net,+55 (081) 6457 2141,"Pátio Luiza Ferreira
Capitão Eduardo
77852-070 da Rosa Alegre / TO",2021-08-31
72123,Rebeca Cassiano,zpinto@example.net,+55 (081) 9621 5307,"Campo Ayla Guerra, 535
Vila Havaí
56182-157 Pinto de Minas / PB",2020-08-17
28953,Luiz Felipe Dias,tfernandes@example.org,(021) 7538 3488,"Viela Cavalcanti, 17
Mariano De Abreu
32665939 Caldeira / MG",2021-10-28
66656,Kamilly Costa,cfernandes@example.com,0300-872-7181,"Sítio Maria Farias, 74
Santa Maria
85413858 Brito / BA",2023-03-20
50616,Sr. Gustavo Guerra,lucas-gabrielalves@example.net,+55 31 6130 9254,"Lago da Rosa, 6
Grota
52604-884 Aparecida de da Rosa / MG",2021-09-08
28621,Sra. Catarina Cirino,acamara@example.org,+55 51 6063 0640,"Fazenda de Campos, 86
Acaiaca
37816314 Costa do Galho / PA",2020-12-09
56418,Eloah Moraes,davinogueira@example.org,61 7633 7498,"Estrada Olivia da Mata
Vila São Paulo
81359862 Melo / AP",2021-06-23
3650,Emanuella Lopes,ana-lizcorreia@example.com,(041) 3020 5681,"Condomínio de Viana
Alpes
38347-498 Casa Grande / GO",2021-04-18
34592,Matheus Sampaio,maria-clara41@example.org,0300-511-7055,"Quadra Borges, 68
São Marcos
12204245 Ribeiro / SC",2020-06-26
96625,Arthur Freitas,emanuellacaldeira@example.org,(081) 3498 3175,"Loteamento de Cirino
São Francisco
66186333 Ferreira / DF",2023-09-20
84403,Camila Ribeiro,maya18@example.org,71 2262-1431,"Conjunto de Cassiano, 89
João Pinheiro
18538477 da Costa / MG",2021-07-02
23888,Pedro Miguel Casa Grande,bda-mata@example.net,+55 (041) 9476-5599,"Viaduto Vasconcelos, 74
Coração De Jesus
91349-741 Guerra / SE",2022-11-19
44158,Théo Ramos,jda-cunha@example.com,+55 81 1162-5946,"Chácara Isaque da Rosa, 23
Minaslandia
47866985 Rezende / RN",2022-01-15
28850,Sofia da Rosa,uteixeira@example.com,(084) 8185-6189,"Largo Jade Correia, 51
Vila Betânia
58779840 Ferreira / ES",2023-08-10
97726,Eduarda Teixeira,heitorcaldeira@example.org,71 9868 6279,"Vila Carvalho, 549
Garças
02000-136 Castro de Cunha / SP",2021-01-25
21149,Emanuella Moura,vitor-hugo71@example.org,81 5823-9641,"Pátio de Sales, 8
Casa Branca
32876586 Pastor do Norte / CE",2022-06-27
11346,Miguel Santos,pintomaria-liz@example.com,+55 (041) 3962 8893,"Fazenda Luiz Gustavo Cassiano, 701
Bernadete
51147677 Novais / PI",2020-08-17
59199,João Vitor Marques,arthur71@example.net,(011) 9965-1093,"Campo Lopes, 58
Liberdade
83818353 Leão / MG",2023-11-22
64490,Hadassa Viana,vinicius95@example.com,21 3398 4982,"Favela Pastor, 20
Vila Puc
32565-763 Sampaio Paulista / SE",2023-06-08
96051,Dr. Anthony das Neves,ana-cecilia81@example.net,(061) 2948 6112,"Rodovia da Rosa
Betânia
65595634 Aparecida do Norte / PB",2020-01-17
58066,Dr. Diogo Macedo,vitoriamoraes@example.com,(081) 1567 5027,"Setor Antônio Fonseca, 11
Xodo-Marize
55309-311 Cardoso de Goiás / RO",2023-09-26
96076,Antony Vieira,anthonyalbuquerque@example.net,11 0851 2782,"Passarela de Alves, 739
Goiania
79518-215 Mendonça dos Dourados / SP",2022-11-15
13724,Sophie Monteiro,teixeiranina@example.net,+55 61 8745 3556,"Rua Emanuelly Ferreira, 593
Copacabana
14296-206 Melo / MA",2021-09-19
88848,Olivia da Conceição,antony13@example.net,(081) 2398 3598,"Condomínio de Novaes, 64
Mariquinhas
06256-476 Cardoso / AP",2022-07-18
92543,Zoe Gomes,joseda-cunha@example.net,84 5698-9958,"Área Pires
Jardim Alvorada
57068947 Gonçalves / PR",2021-07-19
83045,Maysa Aragão,ycosta@example.com,+55 11 2509-4091,"Aeroporto Cavalcanti, 43
Bonsucesso
11210-418 Ferreira / PE",2023-10-31
47198,Dra. Maria Fernanda Vieira,lnunes@example.com,84 9171 3441,"Condomínio Sales, 55
Cachoeirinha
64042358 Mendes / MT",2024-08-30
38806,Dom Cavalcanti,zcampos@example.org,(051) 8442-1170,"Lago de Aragão, 79
Solar Do Barreiro
88381500 Mendonça / RN",2020-04-24
17929,Maria Fernanda Almeida,cgarcia@example.net,61 4020 0441,"Vereda Costa, 376
Piratininga
73563894 Oliveira / AM",2020-09-17
7697,Julia Nogueira,moraeslorenzo@example.org,+55 11 6810-9666,"Colônia de Moreira, 49
Vila Ouro Minas
73439-749 Porto / BA",2024-03-29
70861,Lavínia Pacheco,zcarvalho@example.net,51 7237 1720,"Alameda Maitê Caldeira, 22
Vila Da Amizade
47789405 Castro da Praia / SP",2023-01-10
98444,João Miguel Aparecida,camargojose@example.com,0500-946-7317,"Sítio Gonçalves
Vila Paquetá
63554-166 Freitas da Serra / SC",2020-06-17
84768,Davi Teixeira,yancastro@example.com,+55 71 0307 2088,"Residencial da Cunha, 69
Dom Bosco
20318601 Cirino / PA",2021-12-12
67453,Camila da Luz,laparecida@example.net,+55 81 2328 9580,"Chácara Cavalcante, 39
Jardim Felicidade
59462731 Jesus / PE",2020-01-12
37496,Sr. Mateus Vargas,sajulia@example.org,+55 71 6522-7024,"Pátio da Luz
Mariano De Abreu
96866-259 Ribeiro / RO",2021-06-14
75446,Sarah da Luz,isaquevieira@example.org,0500 420 5220,"Passarela de da Costa, 87
Santa Maria
56873-671 Machado / SC",2021-05-25
37479,Rhavi Pires,ninacunha@example.com,21 1303 1586,"Rodovia Souza
Mantiqueira
43206629 Peixoto do Amparo / AP",2021-09-25
32848,Davi Miguel Peixoto,ffernandes@example.net,+55 (071) 3589 1861,"Passarela Macedo, 74
Vila Piratininga Venda Nova
83960-163 Novais Verde / AC",2024-04-07
36644,Amanda Macedo,camposhenrique@example.org,(081) 0719 2380,"Parque Aragão, 74
Ernesto Nascimento
02752-956 Novaes de Gonçalves / PR",2023-09-30
49022,Dr. Carlos Eduardo Dias,enricosa@example.com,+55 61 4467 2868,"Lagoa da Rocha, 98
Vila Sumaré
18158-697 Souza / AP",2024-08-07
98949,Bernardo Mendonça,esther86@example.org,0900-423-9449,"Campo da Cruz, 2
Cabana Do Pai Tomás
59440283 Moraes / BA",2020-07-06
12468,Sr. Gael Henrique Nascimento,vasconcelosvitor@example.net,0800-146-7700,"Vila Arthur Miguel Farias, 58
Itaipu
88729-247 Rocha dos Dourados / CE",2022-06-13
83123,Bernardo Sousa,gmoura@example.net,+55 21 6764-5705,"Fazenda Daniela Macedo, 24
Unidas
96383-536 Jesus do Norte / RO",2023-01-02
83462,Vicente Rios,piresisabella@example.com,(041) 6003 0051,"Vale de Machado, 282
Mineirão
84654214 da Luz / CE",2022-04-04
82007,Raul Moreira,xvasconcelos@example.com,31 5702-1162,"Avenida da Paz, 17
Alto Dos Pinheiros
24735394 Pastor / MG",2023-06-27
98519,Clara Fonseca,vbarbosa@example.org,51 5074 0183,"Avenida Maria Vitória Pacheco
São Lucas
99058205 Sampaio / AC",2021-03-01
84882,Fernanda Nunes,maria-julia32@example.org,0300-097-5670,"Colônia de Aragão, 9
Aeroporto
14912-324 Nunes das Flores / MA",2020-10-06
72750,Sra. Anna Liz Vieira,bda-conceicao@example.org,+55 61 7308 0185,"Vereda da Luz
Jardim América
83471-558 Vieira do Galho / PR",2020-09-24
18514,Igor da Mota,da-rosaluiz-felipe@example.com,71 5803 2841,"Vereda Campos, 67
Jardim Atlântico
13877937 Rezende / MS",2022-05-01
34238,Augusto Duarte,cunhaagatha@example.net,(084) 0099-4697,"Estrada de Lima, 74
Santo André
06087469 Martins de Araújo / PR",2023-06-27
29998,Diego Albuquerque,machadodavi@example.com,84 3747 7316,"Setor Silveira, 40
Bela Vitoria
62504-384 Leão das Flores / SP",2021-11-05
21757,Gael Freitas,gustavolopes@example.org,+55 (081) 7520 2865,"Conjunto Câmara, 47
Buraco Quente
04494282 Freitas / SP",2023-06-01
22127,Ravi Peixoto,leo98@example.org,+55 11 6643 2674,"Sítio da Paz, 48
Independência
76492462 Gonçalves / RN",2023-06-19
28439,Srta. Clara Nascimento,peixotootavio@example.org,0500-975-7473,"Quadra Kevin da Luz
Vila Suzana Segunda Seção
75295284 da Cunha / PI",2021-12-13
97994,Alexia Casa Grande,theo99@example.com,+55 (061) 1702-0789,"Lago Pastor
Bernadete
41703868 Mendonça / SC",2024-01-14
47031,Vinicius Oliveira,peixotoyago@example.com,+55 (021) 0247-8250,"Esplanada de Novaes, 97
Vila Sesc
86604606 Câmara dos Dourados / PB",2023-02-04
5182,Sr. Eduardo Farias,machadoaugusto@example.com,+55 41 0788 8071,"Viela Lorena Santos
Vila Das Oliveiras
99946784 Andrade / PE",2024-09-03
21540,Francisco Dias,costaemanuel@example.com,+55 (061) 7137-5954,"Setor Vitor Hugo Monteiro, 82
Silveira
83763-956 Araújo Paulista / RJ",2023-03-04
38629,Caroline Moraes,luigivieira@example.org,(084) 3101-6037,"Estação de Gomes
Vila Petropolis
40045937 Moreira da Mata / MS",2020-02-08
77012,Thiago Castro,maria-clara72@example.net,(084) 1579 5900,"Vila Pimenta, 2
Canadá
50404-735 Nogueira do Norte / BA",2024-05-19
72172,Maria Isis Fonseca,biancada-mata@example.org,21 0088 0938,"Avenida de da Conceição, 35
Colégio Batista
42701-557 Almeida / MA",2023-02-11
16693,Isaque Pinto,zgoncalves@example.org,+55 (071) 2380 9431,"Área de da Luz, 49
Vila São Geraldo
14987-808 Moraes / RJ",2021-10-02
91288,Alice da Luz,asafeazevedo@example.org,+55 (041) 9159-4554,"Chácara Ribeiro, 874
Pindura Saia
23571-832 Moreira / AC",2023-09-16
18627,Dr. Yan Pimenta,raulbrito@example.org,0500 052 9504,"Vale João Felipe da Mata, 4
Olhos D'água
77407-680 Câmara da Mata / RJ",2024-01-28
8610,Gustavo Vargas,saheitor@example.net,+55 (021) 3082 6728,"Residencial Anna Liz Farias, 81
São Lucas
97062-794 Mendes / RN",2020-11-05
3234,Sra. Laura Dias,eloaholiveira@example.com,21 9283 9623,"Jardim Rafaela Novais, 95
Santo Agostinho
66001845 Casa Grande / RR",2020-11-12
21862,Sr. Matheus Cirino,lda-cruz@example.org,31 7327 8188,"Esplanada Murilo Martins, 41
Vila Petropolis
58092-791 Machado / MT",2023-08-28
87297,Isis Martins,ecassiano@example.net,(061) 9884 1368,"Vila Cavalcanti, 82
Palmares
17171-022 Moraes / MA",2020-11-15
93942,Benicio Aparecida,ferreiraana@example.net,+55 (011) 9033 4878,"Travessa de Pacheco, 39
Vila Paquetá
32045779 Cavalcanti / AM",2022-11-15
87492,Samuel Rocha,ana-julia11@example.org,+55 21 3756-7955,"Lagoa Brito, 13
Jaqueline
90199381 Barbosa / PB",2023-09-13
79727,Eduardo Rios,mrezende@example.com,41 9395 5691,"Rodovia Vargas, 44
Vila Piratininga Venda Nova
95743-005 da Conceição Alegre / PE",2021-02-03
68431,Ana Sophia Pacheco,sousatheodoro@example.com,84 8237 8087,"Vila de Carvalho, 53
Cdi Jatoba
30151-491 Viana das Flores / DF",2021-04-18
48380,Nathan Almeida,barrosana-sophia@example.com,(051) 5123 9112,"Rua Vitor Gabriel Silveira, 196
Vila Primeiro De Maio
29710859 Rocha / DF",2022-10-30
1176,Lorenzo Silveira,mnovaes@example.org,+55 (084) 5866 8123,"Vereda Bianca Barbosa, 16
Vila União
22867149 Novais / RO",2021-08-30
44756,Mateus Vasconcelos,qsales@example.org,(061) 9802 6831,"Lagoa Melina da Cunha, 93
Buritis
30460461 Garcia do Campo / CE",2021-10-10
2431,Lorena Novaes,qcasa-grande@example.com,+55 71 8713 8670,"Recanto Dias, 747
Jardim Atlântico
98629930 Brito de Vasconcelos / RO",2020-06-17
65692,Enzo Gabriel Câmara,sofiarezende@example.net,+55 (084) 1448-6764,"Setor da Paz, 299
Floramar
11997-994 Marques de Rezende / MA",2022-07-06
5725,Emanuel Borges,luiz-otaviomendonca@example.org,+55 51 4622 2831,"Área de da Cunha, 759
Oeste
06280116 Moraes / TO",2023-05-18
84589,Enzo da Costa,stephanynunes@example.org,+55 51 1247 3974,"Passarela de Duarte
Bernadete
44053664 Leão / DF",2022-10-26
30166,Raul da Cunha,hguerra@example.org,+55 11 4158 1089,"Praia Duarte, 115
Laranjeiras
08425726 Rocha / CE",2022-08-27
58228,Isabella Pires,da-costamariah@example.com,+55 81 0149 1831,"Colônia Carvalho, 979
São Jorge 2ª Seção
84845415 Câmara Paulista / AM",2020-07-22
30428,Sophia Monteiro,costelamatheus@example.net,+55 81 1670-9951,"Via das Neves, 5
São Bernardo
02607661 Melo / BA",2020-02-09
30266,Theodoro Pimenta,saraalbuquerque@example.com,+55 51 1838 4102,"Jardim Rios, 96
Vila Da Ária
33652944 Duarte / AL",2022-10-23
51945,Vinícius da Costa,melogabriel@example.com,+55 31 7909 0870,"Setor Silva, 28
Eymard
82104-704 Pires / PA",2024-05-13
14452,João Felipe Guerra,maria-ceciliarodrigues@example.org,+55 (071) 6793 8781,"Rodovia de Sá, 27
Camponesa 1ª Seção
75053-072 Moreira Grande / RR",2020-05-06
16062,Gael Silva,rhavi69@example.org,21 9983-4100,"Rodovia Montenegro, 49
São Gonçalo
92527055 Novais de Minas / SE",2022-10-31
50829,Levi Vargas,matheusgarcia@example.com,+55 (011) 0803 5864,"Travessa de Macedo, 20
Serra Do Curral
78954835 da Conceição / PA",2021-01-25
76670,Sr. João Aragão,vieirajose@example.com,0800-148-0439,"Favela Nogueira, 79
Vila Da Ária
09888939 da Mota de Goiás / SC",2020-09-23
5410,Julia Rios,clara18@example.org,(084) 2361-8823,"Núcleo Henrique da Mata, 11
São Lucas
30380-096 Fernandes Paulista / PI",2024-07-03
74659,Maria Isis Duarte,almeidaclara@example.org,+55 51 5562 0477,"Aeroporto de Garcia, 33
Aarão Reis
32421485 Nogueira de Barbosa / PI",2022-10-21
51343,Dom Freitas,sabrinalima@example.net,21 2157 2726,"Trevo Bella Rios
Maria Tereza
14773-944 Mendonça / AL",2023-08-13
77767,Julia Duarte,sousagabrielly@example.com,(084) 7642-9782,"Via Cecília Oliveira, 47
Cardoso
60329296 Montenegro / RN",2023-08-13
84506,Eloá Cavalcanti,nascimentoluan@example.net,+55 (084) 4460-1778,"Rua Enrico Barbosa, 183
Mangabeiras
09078752 Sousa / PR",2024-06-14
49463,Luiz Fernando Jesus,anacostela@example.com,+55 51 0233 6545,"Pátio de Dias, 20
Pantanal
68009216 Camargo do Campo / RS",2020-06-22
98910,Arthur Fernandes,silvaigor@example.org,0300-688-7098,"Favela de Almeida
Nova Esperança
03030181 Rezende / SE",2022-05-16
42541,Sr. Yan da Cunha,opeixoto@example.com,+55 (071) 8103 9699,"Via de Silva, 94
Vila Jardim Leblon
95754-679 Garcia / AP",2024-09-10
996,Maria Vitória Moura,yda-conceicao@example.org,0800 610 5116,"Rodovia Lucas Cunha, 5
Vila Antena
42574405 Jesus Alegre / GO",2023-04-27
18704,Clara Cavalcanti,amoura@example.com,+55 (081) 8679-7829,"Pátio Maria Clara Lima, 18
Gameleira
58550504 Pacheco da Serra / MA",2021-11-23
11994,Sr. Henry Gabriel Pimenta,alana34@example.org,+55 (081) 7738-5934,"Colônia Giovanna Guerra, 43
Vila Da Ária
22854-649 Alves / BA",2020-11-13
50466,Melina Sá,pintomaria-fernanda@example.org,0800-287-0031,"Vale Valentim Dias, 60
Jardim Vitoria
92953-415 Moreira do Norte / TO",2022-10-15
98523,Dra. Jade Silveira,fernando19@example.org,+55 61 8422-6375,"Pátio da Rosa, 2
Antonio Ribeiro De Abreu 1ª Seção
81180368 da Cruz de Carvalho / AM",2022-08-03
99265,Ana Vitória Cunha,duarteraul@example.org,(081) 5030 7231,"Área Araújo, 11
Tirol
68237794 Pacheco do Sul / PI",2024-02-27
95964,Ana Liz Leão,samuel93@example.org,+55 (031) 4999-4327,"Loteamento de Mendonça, 52
Coração Eucarístico
73668614 Garcia das Pedras / BA",2021-11-15
61233,Mathias Costela,ucaldeira@example.org,(081) 8132-0561,"Pátio Melina Pereira, 59
Santa Rosa
17500637 Pereira / RO",2023-03-30
31713,Sr. João Garcia,yasmin60@example.com,+55 11 1285-8821,"Viaduto Nicole Albuquerque, 2
Santa Inês
61146-586 Viana / MS",2020-04-23
99358,Théo da Rocha,calebeda-mota@example.net,(011) 3785-5338,"Ladeira da Luz, 1
Vila Ipiranga
83605-229 Melo de Montenegro / AL",2021-08-20
8782,Davi Lucas Cirino,ida-mata@example.net,+55 81 5166-0183,"Ladeira Ayla Fernandes, 856
Gutierrez
14554-859 Aparecida / GO",2020-12-14
71911,Théo Lima,vpastor@example.net,+55 (011) 6998 7371,"Pátio Lunna Ramos, 4
Vila Da Amizade
50209615 Pires / RO",2021-09-05
8503,Apollo Cavalcanti,igorcampos@example.net,+55 41 5502-0968,"Via Montenegro, 44
Vista Do Sol
62000510 Novais / CE",2020-07-05
8351,Ravi Macedo,ana-lauramoraes@example.net,+55 81 4761-5056,"Distrito de Fernandes
Ambrosina
65806-495 Câmara de Abreu / SP",2023-02-11
99489,Maria Luísa da Mata,renanramos@example.net,51 0381 1438,"Trecho Rios, 15
Vila Trinta E Um De Março
03420301 Pacheco / SC",2023-12-15
33763,Ayla Vargas,lviana@example.net,(081) 1644-7816,"Recanto Davi Freitas, 84
Jardim São José
78490099 Moreira / RR",2024-02-14
59100,Isadora Dias,bernardosilveira@example.com,+55 71 0754-2811,"Lago João Felipe Gomes, 46
São Salvador
67040398 Pimenta / AC",2023-03-11
19409,Dr. Enzo Gabriel Sampaio,correiamaria-helena@example.net,(071) 9258 8367,"Lago Costa, 19
Santa Rita De Cássia
23830910 Câmara / MA",2021-05-01
91844,Maria Liz Pinto,isispereira@example.com,+55 31 2138-1832,"Lago Vieira, 93
Vila Boa Vista
61486651 da Luz / PI",2024-03-25
7382,Lorena Jesus,salesigor@example.net,0300-910-9364,"Distrito Isabel Pires, 277
Tres Marias
36517-521 Mendes da Prata / AP",2024-09-09
21843,Leandro Rios,irocha@example.net,81 2671-8009,"Ladeira de Cunha, 804
Nova Granada
51099325 Vasconcelos / PI",2022-10-04
48343,Gustavo Henrique Gomes,mbarros@example.net,(084) 9742-1248,"Chácara de Campos, 49
Coração Eucarístico
09265578 Sousa da Mata / MG",2023-04-11
16775,Sr. Rodrigo da Costa,raelporto@example.com,+55 84 6953 8340,"Sítio José Miguel Gonçalves, 391
Inconfidência
49318-372 Abreu da Serra / SC",2022-03-30
72333,Yuri Duarte,mcasa-grande@example.org,0900-348-9928,"Trevo Silveira, 43
Vila Nova Gameleira 2ª Seção
41701924 Abreu do Norte / AL",2020-01-17
83512,Alexia Gonçalves,calebemendes@example.com,61 0778-4681,"Esplanada de Moraes, 5
Paquetá
83628-710 Santos das Pedras / AC",2020-03-07
25567,Matheus Barros,cavalcantijoao-gabriel@example.com,(071) 4450-6738,"Trevo Luara Borges, 46
São Damião
14156-799 Câmara do Oeste / RJ",2023-02-03
18533,Dra. Maria Clara Jesus,camarajoao-miguel@example.org,+55 61 1198 0777,"Feira de Silva, 44
Vila Pinho
76757906 Câmara / PB",2023-09-17
71602,Luan Correia,anarocha@example.com,+55 81 4782 8088,"Morro Matheus Mendonça, 126
Padre Eustáquio
38531650 Teixeira Grande / GO",2021-08-06
35619,Vinicius Barbosa,jabreu@example.org,+55 84 8110 4917,"Área Emilly Vieira, 20
Vila Madre Gertrudes 1ª Seção
48577-893 Casa Grande da Praia / ES",2021-10-16
17544,Sra. Ana Carolina Pinto,ana-julia33@example.com,0500 481 6068,"Quadra de Martins, 7
Petropolis
28159291 Barros do Campo / PB",2020-10-11
78022,Raquel Peixoto,zbarros@example.net,(061) 4843-4828,"Vereda de Cunha, 90
Ermelinda
33237-969 Campos / PR",2024-05-09
39449,Maitê Borges,paulo41@example.org,+55 21 7285 1477,"Campo de Moraes, 2
Satelite
72252150 Carvalho da Serra / GO",2022-07-26
89842,Letícia Peixoto,hcamara@example.net,81 5980 8644,"Ladeira de Ribeiro, 45
Pindorama
18944815 Lima / MA",2021-12-28
66306,Ester Pinto,jose-miguel24@example.org,+55 (071) 9868-3979,"Chácara Lopes, 30
Vila São Rafael
76746-468 Brito Verde / RR",2021-12-15
56486,Benicio Moraes,rpeixoto@example.org,+55 51 7677 6687,"Fazenda Lopes, 35
Delta
53993855 Rezende do Norte / BA",2021-04-10
64671,Pietro Santos,ooliveira@example.org,61 7944-3344,"Sítio de Nascimento, 44
Vila Jardim São José
47807-338 Araújo de Vargas / BA",2023-05-12
47976,Dr. Thiago Pacheco,isabelpacheco@example.com,+55 84 6834-1445,"Setor Elisa Abreu, 631
São João
75643-499 Vasconcelos do Campo / RR",2020-05-18
40842,Heloísa Sousa,luigi94@example.net,11 1506 8056,"Distrito de Ramos, 603
Ambrosina
71057-979 Gonçalves / RN",2024-09-23
47574,Luiz Henrique Souza,amanda62@example.com,71 0759 4917,"Rua Gomes, 99
Horto Florestal
08168-349 Lima de Aragão / SC",2022-03-25
62879,Kamilly Lima,da-conceicaoluiz-fernando@example.com,(051) 6447 9902,"Lagoa Abreu, 1
Nossa Senhora Do Rosário
35122-724 Leão / AL",2023-11-24
79590,Catarina Nascimento,rezendebernardo@example.org,+55 11 7557-8472,"Favela Isabella Rodrigues, 6
João Pinheiro
18042587 Montenegro / AC",2024-06-27
91062,Clara Correia,stephany44@example.org,21 1854 8573,"Estação de Sampaio, 322
Piratininga
56410-074 Câmara da Serra / MG",2022-01-11
35480,Sra. Alana Oliveira,zrezende@example.net,0500-692-1259,"Setor Milena Campos, 478
Madre Gertrudes
04622-005 Melo Grande / MS",2022-07-07
99182,Lavínia Fonseca,rafaelsales@example.org,(011) 4191 3203,"Largo Catarina Cunha, 69
Baleia
87568324 Pereira do Campo / AC",2024-03-15
52358,Henry Gabriel Casa Grande,moraescaleb@example.org,+55 81 4407 8493,"Viaduto Gael Henrique da Costa, 663
Vila Olhos D'água
25997492 Araújo / PI",2024-01-26
80730,Maria Eduarda Costela,augusto60@example.net,+55 (081) 3419 2848,"Jardim Duarte, 3
Serrano
16255-148 da Mota / MT",2022-05-22
25306,Dr. João Oliveira,bella62@example.org,+55 (051) 3829 1738,"Feira Brito, 32
Atila De Paiva
40817-052 Freitas / DF",2023-02-15
61241,Fernanda Rocha,samuelpinto@example.org,+55 61 9162-8316,"Residencial Fernando Mendonça, 63
Santo André
31649010 Andrade do Oeste / PI",2020-12-26
14624,Aurora Gonçalves,enzocamara@example.com,(021) 8401 3054,"Trecho de das Neves
São João
33801-955 Barbosa / GO",2020-07-11
84394,Henry da Costa,aylamelo@example.com,31 8075-5295,"Chácara de Pacheco
Diamante
95041388 Rios / SC",2021-06-04
97639,Anna Liz Câmara,julianaaraujo@example.net,+55 (041) 0144-0716,"Aeroporto Lucca Dias, 24
Vila Madre Gertrudes 1ª Seção
10881603 da Paz / AL",2022-04-08
59644,Gael Henrique Pimenta,cmelo@example.com,0300-628-7623,"Praia Cauê Correia, 97
Flavio Marques Lisboa
09902360 Pires / TO",2022-11-17
75168,Ísis Martins,upereira@example.com,+55 51 1425 4579,"Fazenda de Castro, 5
Maravilha
72781962 Nascimento / RO",2022-10-22
21568,Dr. Caleb Pereira,liviada-rocha@example.net,+55 51 0692 2107,"Trecho de Correia, 71
Santo Antônio
07011253 Pereira / RJ",2021-11-19
56588,Beatriz da Costa,esther56@example.org,(084) 9858-7854,"Passarela Manuela Sampaio, 9
Coração De Jesus
35154-148 Leão / AC",2023-07-30
28230,Maria Laura das Neves,arthur54@example.com,31 8635-9284,"Trecho Ramos, 73
Vila Suzana Primeira Seção
97858272 Correia dos Dourados / RR",2020-09-20
84297,Nathan Camargo,samaysa@example.com,+55 11 6401 6128,"Vereda Oliver Mendonça, 81
Jardinópolis
87343352 Sá / ES",2024-04-20
94395,Julia Garcia,pastorana-liz@example.net,+55 (041) 3364 0568,"Loteamento Emanuel Vasconcelos, 93
Vila Fumec
19351-752 Abreu Verde / PE",2020-01-15
32589,Sr. Davi Luiz Sá,lorenafreitas@example.net,(071) 8069 9850,"Favela Sales, 539
Jardim Vitoria
06421054 Montenegro da Serra / SC",2023-08-25
75920,Luna Borges,jsa@example.com,+55 51 9534 6634,"Lagoa Renan da Cunha, 71
Vila Califórnia
63583476 da Rosa da Serra / RS",2022-02-04
86962,Kevin Vasconcelos,zmendes@example.com,71 2511-9514,"Lagoa Ana Cecília Mendonça, 69
São Sebastião
78667-376 Camargo / AM",2024-02-29
54926,Sr. Ravy Borges,fogacaisabella@example.net,(061) 9125 8544,"Lagoa Ferreira, 34
Vista Alegre
50048-756 Correia / DF",2020-03-25
80972,Lorena Cassiano,luaracardoso@example.com,21 4643-9454,"Condomínio de Novais, 48
Santo Antônio
66564056 Jesus dos Dourados / RR",2022-04-05
48314,Srta. Hadassa Dias,moraespietro@example.net,41 4922 2690,"Núcleo da Cunha, 34
Glória
07655046 Aragão / PA",2021-04-30
99055,Antonella Andrade,arthur-gabrieljesus@example.org,0500-130-2827,"Campo de Guerra, 45
Primeiro De Maio
26162-070 da Cruz de Aparecida / AM",2024-02-17
14,Sra. Stella Nascimento,ana-claralopes@example.com,0500-216-4098,"Núcleo Siqueira
Vila Fumec
99876-341 Nascimento / ES",2022-04-07
60211,Ana Vitória da Rosa,joao-miguelmartins@example.com,+55 31 3393 1489,"Viela de Cunha, 7
Xodo-Marize
76264552 da Costa / AP",2020-11-07
90135,Manuela Viana,dgoncalves@example.org,(081) 9365 6355,"Condomínio Vinicius Fogaça, 73
Paulo Vi
45085038 Almeida das Pedras / AL",2022-10-23
24718,Pietro Leão,smontenegro@example.net,(061) 5222-6361,"Lagoa Rodrigues
Gutierrez
22962-063 Sousa / MA",2024-05-21
24688,Luiz Felipe Moura,eduarda43@example.org,41 4287-4013,"Estação de Silveira, 196
Solar Do Barreiro
93818777 Silva / CE",2022-09-27
43341,Augusto Vargas,pintonatalia@example.org,(061) 3744-2145,"Estrada Cavalcante
Flavio Marques Lisboa
21623-804 Alves / CE",2020-01-07
74272,Gabriel Ribeiro,luiz-otavio47@example.com,+55 21 3658 3624,"Vale Cirino, 63
Paraíso
16533-185 Guerra do Galho / DF",2022-10-27
78315,Kaique da Costa,larissarezende@example.com,+55 (061) 6808-2613,"Setor de Rodrigues
Laranjeiras
10177-978 Cardoso / AM",2024-10-09
54298,Srta. Luna Almeida,da-conceicaokaique@example.com,+55 (081) 1446-5000,"Residencial Gomes, 39
Paquetá
46521-283 Lima / AM",2023-03-31
38167,Luiza Abreu,joao-miguel42@example.org,+55 (084) 4755-8725,"Morro de Teixeira, 99
Confisco
25041679 Viana da Prata / DF",2020-11-03
68554,Ana Júlia Melo,asafe83@example.org,(061) 2928-4518,"Estação Marina Vargas, 9
Braúnas
61109536 Gomes da Serra / ES",2020-04-30
2954,Arthur Gabriel da Paz,camargobianca@example.org,+55 31 9964 9861,"Área Renan Fernandes, 52
Barroca
62569031 Rezende / AP",2024-01-13
88778,Matteo Rios,jadepereira@example.com,+55 84 4527 1500,"Parque Maria Helena Ferreira, 78
Xodo-Marize
93149926 Machado de Rodrigues / SP",2020-03-24
92499,Theo da Rosa,rochamaria-flor@example.com,+55 (031) 9812-6780,"Estrada Rodrigo Gomes, 44
Vila Santa Monica 1ª Seção
49340-290 Siqueira de Duarte / ES",2022-10-10
95648,Sarah Leão,jose-miguel97@example.com,31 5205-1523,"Estrada Peixoto, 34
Jardim Guanabara
89968-056 Cassiano / AL",2021-05-24
73276,Srta. Julia Sampaio,araujoian@example.net,+55 81 7063-7528,"Estrada de Cavalcante, 746
Floresta
43510921 Moraes / MT",2021-06-16
71745,Brenda Abreu,bernardo09@example.com,(041) 4014-8772,"Pátio de Azevedo, 511
Santa Rita De Cássia
17409936 da Mota / RS",2021-07-30
42705,Dr. Vitor Hugo Sampaio,pedro-miguelda-rocha@example.net,+55 41 5985-0186,"Fazenda Lopes, 6
Pousada Santo Antonio
13607-013 Gonçalves / GO",2022-11-30
54493,Dom da Rosa,dmachado@example.net,+55 31 4669 4355,"Jardim Leão, 93
Belvedere
44616-267 Câmara Verde / RS",2021-01-28
44452,Laís Alves,calebecosta@example.org,81 4409-1270,"Área Oliveira, 2
Chácara Leonina
55889473 Rocha Alegre / RS",2022-01-03
94793,Kaique Barbosa,carolinepastor@example.com,84 5623 0092,"Praça de Guerra, 400
Antonio Ribeiro De Abreu 1ª Seção
70819355 Rios / CE",2024-08-03
99060,Luan Silva,almeidathales@example.com,71 6606 5604,"Colônia de Pinto, 610
Cachoeirinha
46909997 Correia do Sul / RN",2022-10-02
41561,Sabrina Ferreira,maria-helenaazevedo@example.com,+55 (061) 6545-5560,"Conjunto Alícia Rodrigues, 51
Paulo Vi
42832-775 Câmara / PR",2024-01-03
34091,Dra. Fernanda Pires,nmendonca@example.org,+55 51 7134 8702,"Vila de Alves, 70
Vila Betânia
87689443 Andrade de Minas / PI",2023-09-29
54201,Diogo Novais,erickmacedo@example.org,11 0412-4574,"Residencial Ágatha Mendes, 367
São Bernardo
26258313 Sampaio de Leão / RO",2022-04-20
3447,Ana Cunha,zsa@example.org,+55 (081) 2718 6047,"Setor de Nunes, 13
Luxemburgo
77194-205 Barbosa da Prata / MS",2020-12-29
14846,Jade Gonçalves,erickporto@example.org,+55 (071) 0362 1946,"Residencial Marcos Vinicius Garcia, 44
Vila Barragem Santa Lúcia
55622-567 Porto / AL",2021-06-06
66301,Amanda Montenegro,maria-juliacosta@example.org,(061) 5837-1192,"Lago Alícia Araújo, 58
Parque São José
64991-220 da Costa Verde / MS",2023-11-04
49778,Isaque Costa,ramosbrenda@example.org,+55 (021) 9488 9430,"Vila Rodrigues
Ermelinda
17016278 Mendes / ES",2021-01-28
69448,Bianca Vargas,araujofernando@example.net,+55 11 1154 3035,"Área de Ferreira, 13
Tirol
54952-136 Cassiano do Oeste / RN",2022-04-03
29512,Ravy Cunha,aparecidaemanuella@example.net,0900-150-8905,"Viaduto de Rodrigues
Barreiro
86430-427 Vasconcelos dos Dourados / RR",2024-09-15
24199,Bryan Peixoto,zsilveira@example.net,(021) 1006 1940,"Viela de Barbosa, 4
Vila Piratininga Venda Nova
57360-109 Montenegro / SP",2021-03-25
83226,Vitor Hugo Silveira,melissaporto@example.org,+55 (081) 1999-6692,"Estação Caldeira, 15
Marajó
49886-007 Rodrigues da Serra / BA",2024-08-25
77610,Isis Barbosa,pedro-lucasgoncalves@example.net,(021) 2870-3072,"Esplanada Joaquim Fernandes, 5
Fernão Dias
07909-050 Porto do Campo / PB",2021-11-15
89007,Isabela Moura,hsouza@example.net,71 8639 9810,"Lagoa Gustavo Barbosa, 834
Vila São João Batista
66624863 Araújo Grande / MA",2024-02-22
61456,Thomas Rodrigues,vianapedro@example.org,+55 (031) 3947-4489,"Campo Daniel Lima, 95
Pindura Saia
58723-572 da Mota das Pedras / RN",2024-05-14
18674,Eduardo da Mota,lviana@example.com,(071) 9662-3414,"Avenida Almeida, 4
Novo São Lucas
94469268 Albuquerque / RJ",2020-06-05
19005,Théo Campos,anthonycirino@example.net,(031) 2306 0769,"Estação Novaes, 29
Granja Werneck
36628-810 Duarte / RO",2023-01-04
46951,Zoe Azevedo,heloisa79@example.net,31 0693 4921,"Conjunto Porto, 3
Vila Suzana Primeira Seção
23872-804 Melo do Norte / AM",2020-06-18
29077,Carolina Caldeira,nathan53@example.com,0900-385-1042,"Sítio de Sampaio, 3
Vista Do Sol
23612316 Abreu da Prata / RR",2023-07-22
39532,Josué Abreu,henrique55@example.org,+55 (081) 6750 1616,"Colônia de Vargas, 20
Vila Olhos D'água
98152826 Jesus / PI",2022-10-03
39606,Letícia Gonçalves,alicia28@example.org,+55 71 2067-2725,"Quadra de Pires, 28
Capitão Eduardo
39093-996 Pacheco Grande / PI",2024-05-21
63753,Sr. Benicio Garcia,macedohenry-gabriel@example.org,0900-594-1895,"Estrada de Viana, 242
Havaí
55237-274 da Cunha da Prata / PA",2020-06-13
87422,João Pedro Brito,wcavalcante@example.org,81 3770 3329,"Área de da Mata, 648
Conjunto Lagoa
47428205 Novaes / PB",2021-05-07
88148,Lucca Aparecida,eazevedo@example.com,81 0983 4157,"Via de Dias, 72
Cdi Jatoba
65597544 Rodrigues do Oeste / GO",2021-06-08
34188,Sra. Maitê Aparecida,almeidaemilly@example.net,+55 31 9950 3198,"Estrada de da Cunha, 64
Laranjeiras
81613-492 da Mota / DF",2020-07-06
53031,Fernando Moreira,machadoana-cecilia@example.com,0800-868-7428,"Rodovia de Macedo, 87
Jardim Montanhês
94879810 Siqueira das Pedras / CE",2021-10-31
313,Paulo Novaes,calebe50@example.org,0300-468-0244,"Quadra de da Costa, 43
Vila Ouro Minas
12160068 Novaes / AC",2020-01-07
83027,Guilherme Alves,hgomes@example.org,(011) 3589 7444,"Rodovia Joana Souza, 25
Vila Santa Rosa
43395311 Machado da Serra / AP",2020-02-17
97460,Larissa Lima,fernanda44@example.org,(011) 9087 2784,"Lagoa João Jesus, 9
Monte Azul
97969-944 da Cunha de Andrade / AC",2022-12-24
93174,Matheus Sampaio,laisnovaes@example.org,+55 (081) 3835-2013,"Morro de Pimenta
Primeiro De Maio
08842-389 Vargas Alegre / RJ",2022-10-09
45095,Diego Silveira,ana-luizamontenegro@example.net,(011) 8153 2762,"Trevo Maya Gomes, 857
Biquinhas
42265278 Nunes de Goiás / TO",2022-06-24
33788,Pedro Duarte,miguel46@example.net,31 5211 3367,"Lago de Peixoto, 66
Biquinhas
54959-396 Pires / RJ",2024-05-05
39021,Rafaela Vasconcelos,diogoda-mota@example.net,61 3364 3092,"Favela Lopes, 551
Maria Virgínia
56047931 Carvalho Paulista / CE",2021-02-04
73496,Matteo Monteiro,fernandeslorena@example.com,+55 (084) 4209-9669,"Praia Câmara, 33
Heliopolis
22181-269 Pinto da Mata / CE",2023-02-08
2499,Valentim Brito,halbuquerque@example.org,+55 51 4387 2350,"Travessa Araújo, 58
Graça
01292631 Costa / PB",2023-09-05
40483,Emilly da Cunha,mendoncamariana@example.org,21 0325-6648,"Morro Hadassa Oliveira, 442
Minas Caixa
14635-011 Novaes / PI",2024-08-16
83175,Giovanna Siqueira,fariascaio@example.com,+55 (021) 0325 2593,"Passarela Carvalho, 40
Vila Copacabana
68626257 da Cunha / PA",2022-08-04
75865,Mariah Oliveira,ana-carolina63@example.org,+55 (071) 7754-2118,"Passarela de Rodrigues, 439
Lagoinha
15371-927 Alves / AP",2020-10-25
25081,Ryan Ramos,otavio71@example.org,+55 11 1362 1085,"Setor Olivia Pereira, 51
Vila Santa Monica 2ª Seção
19295489 Pastor Verde / SC",2023-10-10
46941,Sofia Almeida,sousamelina@example.com,41 6893 3910,"Trecho de Pacheco, 8
Cdi Jatoba
99941775 Souza do Campo / AM",2024-09-23
14940,Ravi Ferreira,dante68@example.com,61 7765 0482,"Esplanada Isadora Gonçalves
Nova Suíça
59158-618 Abreu do Amparo / GO",2021-12-27
75918,Eduarda da Rocha,igor05@example.org,(084) 4359-0394,"Campo Rodrigues, 90
Jardinópolis
10924-774 Cunha / DF",2023-02-17
74551,Vitória Marques,liam96@example.com,(081) 6043 5807,"Distrito Maria Liz Nogueira, 31
Canaa
04192-795 Dias da Serra / RJ",2023-06-22
8249,Srta. Maitê Cunha,britoasafe@example.org,61 2773-8903,"Favela João Pedro Novais
São João
70948-446 das Neves Alegre / PA",2021-07-10
56456,Heloísa Pinto,umachado@example.org,0500 315 8521,"Estrada Maria Isis Melo
Heliopolis
86584-683 Gomes dos Dourados / GO",2022-03-02
78877,Vicente Campos,tmoreira@example.net,+55 84 5076 6200,"Trevo da Cunha, 55
Morro Dos Macacos
23819602 Guerra do Campo / AC",2023-02-03
48465,Maria Flor Moreira,cardosorhavi@example.org,51 4766 4426,"Conjunto de Novais, 27
Alto Dos Pinheiros
85462-417 Sales de Vasconcelos / SE",2020-02-04
57621,Dra. Laura Costa,dborges@example.org,+55 31 8434 5212,"Sítio Maria Júlia Nunes, 141
Vila Aeroporto
40467-081 da Mata / AL",2022-12-28
14092,Vinícius da Paz,zleao@example.com,+55 21 2662-4884,"Via Liam Lopes, 27
Caiçara - Adelaide
10571562 Caldeira dos Dourados / SC",2024-04-19
58002,Hellena Correia,vitorcamargo@example.org,+55 31 6203-6522,"Rodovia Caldeira
Cônego Pinheiro 2ª Seção
72554781 Barros / PR",2024-08-10
75909,Davi Luiz Almeida,theo29@example.org,0800 901 7601,"Quadra de da Costa, 13
Vila De Sá
78302-789 Alves das Pedras / RN",2020-01-28
44748,Giovanna Gomes,maria-julia24@example.com,+55 (084) 5205 3211,"Residencial Siqueira, 67
Jardim Dos Comerciarios
85837-804 Ribeiro de das Neves / AL",2024-05-16
98321,Dante Abreu,matheussouza@example.net,(011) 3224-1131,"Estrada Sampaio, 1
Vila Santo Antônio Barroquinha
25784143 Pereira / RO",2020-04-11
91768,Nathan Sampaio,ravi-lucca52@example.net,+55 (071) 3135-1637,"Núcleo de da Rosa, 92
Vila São Gabriel Jacui
34970-029 Andrade do Oeste / PE",2023-02-22
26782,José Pedro Santos,machadoluana@example.org,11 9256 6660,"Ladeira Ana Clara Albuquerque
Jaqueline
96489-694 Gonçalves de Machado / MG",2022-01-12
31874,Eduardo Ribeiro,pietrocassiano@example.net,(011) 1110-8862,"Travessa Pedro Nascimento, 52
Serra Do Curral
04975495 Vieira de Minas / PA",2021-12-24
15363,Sr. Luiz Gustavo da Cunha,ian74@example.com,+55 51 2776 9597,"Aeroporto João Gomes, 84
Minaslandia
01995-951 Souza / SC",2021-11-05
71351,Renan Moraes,ymarques@example.net,(084) 8339 7671,"Avenida de da Conceição, 47
Nova America
97703-110 Teixeira das Pedras / RS",2021-12-06
25195,Ana Sophia Rios,olivia17@example.com,(041) 4675 2491,"Trecho Jesus, 3
Maria Goretti
37174658 Siqueira Grande / BA",2023-01-07
7296,Emanuelly Lima,aparecidaisaque@example.com,51 9065 7219,"Jardim de Cirino
Sagrada Família
01082-375 Brito / SP",2022-12-20
37137,Benjamin Macedo,ana-liviaribeiro@example.com,61 9073-1792,"Condomínio de Almeida, 99
Jardim Dos Comerciarios
96649671 Dias das Pedras / RS",2021-08-08
10790,Mariah Melo,isaque09@example.com,+55 (084) 2406 5690,"Núcleo de Costa, 92
Miramar
89397-943 Mendonça das Pedras / CE",2021-10-16
36351,Ayla Leão,calebe23@example.net,0800-477-2783,"Largo Julia Borges, 80
Vila Independencia 2ª Seção
71040-868 da Rosa Verde / AP",2022-11-29
91263,Marcos Vinicius Martins,fcirino@example.org,+55 (071) 1158-8618,"Morro Sophie Gonçalves, 21
União
25205810 Pastor / SC",2022-06-10
24621,Srta. Maitê Rezende,benicioaparecida@example.net,(051) 8571 5844,"Núcleo Luiz Otávio Rocha, 32
Prado
88204-200 Vasconcelos / MS",2023-06-16
23461,Olivia Silveira,manuella95@example.org,31 2193-8213,"Rua Siqueira
Lourdes
26568-724 da Mata / AM",2020-05-12
22039,Mariah Cavalcanti,siqueiracamila@example.org,(011) 6601-1914,"Estrada Pires, 781
Conjunto Paulo Vi
44935-667 Duarte / PI",2022-07-30
1500,Vicente Monteiro,esilva@example.org,(021) 3297-7351,"Rodovia Nogueira, 133
São João
83577978 Cassiano de da Cunha / PR",2023-07-08
49236,Sr. Theo da Cunha,rafael54@example.org,(071) 9020-9500,"Distrito Albuquerque, 876
Corumbiara
91336434 Cunha de Minas / PA",2021-06-25
21791,Vitor Gabriel Cunha,nathansilva@example.org,+55 (051) 6877-6858,"Residencial Ravi Duarte, 204
Vila Copacabana
14111229 Souza de Ribeiro / PR",2020-07-19
43583,Srta. Milena Jesus,ana-laura79@example.com,+55 (084) 7696-6475,"Ladeira Aragão, 637
Nazare
39520-517 Pimenta Alegre / AL",2022-04-29
42855,Felipe Azevedo,luiz-gustavo14@example.net,+55 (051) 1340 5860,"Avenida Moura, 88
Santo Antônio
47252-791 Cassiano / AL",2021-06-14
49841,Maria Fernanda Brito,tsantos@example.net,81 5334-0337,"Campo Moura, 50
Vila Antena
04242-601 das Neves Paulista / DF",2022-10-16
15077,Rebeca Leão,joao-lucasnascimento@example.net,(021) 2982 8829,"Rodovia Nascimento, 594
Vila Independencia 3ª Seção
79219756 Carvalho de Minas / PI",2023-09-05
81361,Ana Liz Marques,moraeselisa@example.net,(084) 1086-1418,"Distrito Mariane Lopes, 2
São Benedito
22388-711 Pereira das Flores / BA",2022-05-11
82560,Maria Fernanda Mendes,melinamoraes@example.org,+55 (084) 8744 8491,"Feira da Rocha, 68
Vitoria Da Conquista
44880-144 Pastor da Serra / MG",2024-07-03
46491,Dra. Ana Beatriz Barros,apollo26@example.com,+55 (041) 3600-2979,"Esplanada de Fernandes, 64
Vila São Gabriel Jacui
72167-209 Pimenta / MA",2022-05-25
25782,Eduardo da Rosa,isaque01@example.net,(081) 4013-5500,"Praia de Jesus
Dona Clara
93166-464 Vargas / BA",2021-07-27
83048,Josué da Cunha,japarecida@example.com,(011) 6459-3513,"Lago de Santos
Petropolis
69460896 Cavalcante / BA",2022-05-28
80279,Maria Vitória Vieira,gabrielaaragao@example.org,81 7699 4464,"Passarela de Nascimento, 80
Nova Cintra
31129-276 Oliveira do Sul / PA",2023-06-19
42729,Antonella Caldeira,ravi-luccapereira@example.com,84 2299 3143,"Residencial da Luz, 1
Havaí
35394859 Siqueira / AC",2022-06-14
83825,Ágatha Vargas,luna18@example.com,11 3445-4667,"Recanto de Vieira, 49
Mala E Cuia
20046609 Machado / MS",2024-04-09
57956,Renan Abreu,hda-mata@example.org,31 5890 2511,"Loteamento Yan Mendes, 481
São Damião
83592510 Abreu da Prata / MT",2023-01-02
31089,Alícia Campos,nina44@example.net,+55 (051) 0191 8239,"Colônia Aragão, 35
Morro Dos Macacos
81470-020 Pinto / SC",2023-07-08
42104,Davi Luiz Monteiro,olivianascimento@example.com,51 5821 2967,"Passarela de Dias, 10
Sagrada Família
42926-711 Carvalho / RJ",2021-10-13
46306,Dra. Laura Nunes,uferreira@example.com,+55 31 3348-0093,"Praia de Leão, 29
Vila Piratininga Venda Nova
87899444 Fogaça de Rodrigues / RS",2023-10-08
11608,Emanuelly Aparecida,allanafonseca@example.net,(061) 2149-6889,"Esplanada Abreu, 94
São Tomaz
93783-186 Aragão de da Cruz / RR",2023-04-29
6880,Mariana Nogueira,eduardo95@example.com,+55 51 7312 6992,"Alameda de Santos, 85
Baleia
25879-428 Vieira / CE",2022-10-15
27711,Sarah Dias,palbuquerque@example.com,(061) 0652-3585,"Trecho Luana Teixeira, 16
Conjunto Novo Dom Bosco
66492736 Costela / RS",2020-06-05
58095,Julia Nascimento,silvamaria-clara@example.net,0900-230-6160,"Vereda Câmara, 4
Vila Santa Rosa
33360-656 da Cruz / DF",2021-01-25
21950,Melissa Azevedo,barbosavinicius@example.org,+55 41 9163-4236,"Loteamento Garcia, 85
Graça
97246-913 Dias / PA",2021-06-04
47750,Esther Pires,oliver49@example.net,81 9166 8970,"Travessa Igor da Costa, 34
Havaí
96197542 da Rocha / AL",2021-06-03
15051,Bianca Barbosa,rodrigo59@example.net,+55 11 4257-4351,"Recanto de Marques, 140
Vila Santa Rosa
24621-263 Moreira do Galho / AM",2021-08-21
823,Raul Aparecida,ericksousa@example.com,+55 (021) 2542-0430,"Favela Yasmin da Luz, 33
Jardim Alvorada
76452101 Pacheco das Flores / RR",2022-04-05
95367,Anthony Martins,borgesluiz-otavio@example.net,+55 31 9156-9586,"Jardim Costa, 57
Vila De Sá
85610-276 Cirino / DF",2022-02-04
87038,Amanda Moraes,bryan41@example.com,(071) 8218-8492,"Via Castro, 98
Petropolis
93707772 da Luz Alegre / PB",2020-12-07
94659,Dra. Maria Alice Sá,qsampaio@example.net,21 8272 7203,"Quadra Porto, 208
Sion
61577-432 Carvalho / RJ",2020-12-18
3591,Helena Garcia,anovaes@example.com,51 5561 0311,"Quadra de Câmara, 76
Bonsucesso
81891062 Rezende / GO",2024-05-23
19554,Yuri Macedo,costamaite@example.com,61 0838 3997,"Via de Rezende, 55
Barreiro
89943329 Pastor de Andrade / SC",2022-01-02
86106,Marcela Aragão,mouraarthur@example.com,+55 84 2654 8515,"Favela de Novais, 591
Solimoes
36001104 da Rocha de Duarte / MT",2023-07-17
27895,Dra. Aurora Novaes,pachecoeloah@example.net,+55 (031) 1963-3453,"Vereda Abreu, 36
Etelvina Carneiro
19147-972 Novais do Campo / MA",2020-01-05
36934,Ester da Cruz,fcamargo@example.net,+55 (051) 6691-2894,"Ladeira de da Cunha
Vila Minaslandia
23785184 Andrade da Serra / PE",2023-05-21
80989,Luara Nascimento,marianagarcia@example.com,(084) 6497 4128,"Estrada Cauã Pimenta, 78
São Gonçalo
28607-194 Correia do Sul / GO",2023-07-08
66565,Maitê Peixoto,isaac19@example.net,61 9970-9933,"Viela Isis Abreu, 6
Silveira
99383696 Garcia / AP",2020-05-13
60548,Melissa Cassiano,fbrito@example.net,21 0773-8092,"Aeroporto da Paz, 92
Mantiqueira
46713010 Fernandes de Vieira / MT",2022-05-05
92307,João Vitor Borges,melinarezende@example.com,+55 (071) 2459-1684,"Fazenda Guilherme Ribeiro, 88
Santa Tereza
30564197 Nascimento / SC",2021-04-27
6020,Liz Lima,jpinto@example.net,+55 (031) 8972 0724,"Praia Lara Viana
Vila Esplanada
19199-746 da Mata do Sul / PR",2024-07-28
86142,Maria Flor da Cruz,eloahsousa@example.org,+55 41 9835-8744,"Quadra de Cunha, 59
Paquetá
38560098 Castro do Amparo / BA",2023-04-08
70718,Kevin Sampaio,manuelaalmeida@example.net,21 4427-1909,"Esplanada José Ferreira
Casa Branca
51146-501 Caldeira de Alves / RN",2021-09-03
64704,Dra. Maria Alice Costela,stella04@example.com,81 4978 2399,"Vereda de Teixeira, 49
Mirtes
23004-980 Souza / RS",2022-06-14
82239,Rael Monteiro,pfreitas@example.com,(011) 9449 6704,"Chácara Paulo Almeida, 776
Minas Caixa
24649-308 Silveira / RJ",2020-11-12
91416,Marcos Vinicius da Paz,olopes@example.org,+55 (051) 4988-4821,"Aeroporto Maria Flor Ferreira, 90
Estoril
04845-203 Martins de Moreira / MG",2024-03-30
29794,Sophie Camargo,josecamara@example.net,(084) 8069 6914,"Travessa Hellena das Neves, 16
Serrano
82285-411 Silva / BA",2022-10-10
52329,Heitor Mendes,vieiraisabela@example.net,(061) 5053-3078,"Pátio de Dias, 42
Novo Ouro Preto
44360111 da Rocha de Castro / DF",2020-04-17
19701,Erick Lima,portonoah@example.org,+55 61 4218-8538,"Lagoa Yan Teixeira, 983
Califórnia
37733-266 Fonseca de da Rosa / RR",2022-09-09
52045,Ayla Pereira,brenda32@example.com,+55 (084) 6368 8792,"Área de Andrade, 10
Álvaro Camargos
20759356 Correia do Oeste / MS",2024-01-23
47491,Mirella Gomes,joaquimgomes@example.net,+55 (084) 8307-4218,"Quadra de Ramos, 511
Vila Madre Gertrudes 3ª Seção
70036301 Costa do Amparo / PI",2024-09-27
75778,Benjamin da Rocha,ana-julia41@example.com,(051) 5453-6453,"Morro Silveira, 18
Vila São Francisco
20884415 Martins da Praia / TO",2023-01-05
36350,Antony Souza,ayla29@example.com,(041) 1813 9962,"Passarela da Cunha, 232
Jardim Leblon
07481198 Pacheco / TO",2020-09-21
46811,Paulo Abreu,rezendeotavio@example.com,+55 (071) 9072-8459,"Morro Camargo, 401
Santa Terezinha
86636593 Oliveira / AL",2024-09-20
4371,Maria Alice Souza,abreutheo@example.net,+55 11 9486 2576,"Rua de da Conceição, 708
Boa Esperança
22994817 Castro das Flores / PA",2020-11-19
20786,Beatriz Silveira,tfogaca@example.org,(081) 7526 2532,"Trevo Moura, 9
Alto Caiçaras
00266278 Lima Alegre / PB",2022-08-22
30425,Ágatha Campos,fda-rosa@example.com,+55 (041) 2764 3409,"Largo Natália Barros, 169
Santa Rita
44301-760 Pinto / MS",2023-07-03
84479,Theo Rezende,augusto91@example.net,+55 (021) 1699-8887,"Morro André Albuquerque
Vila Madre Gertrudes 3ª Seção
28601158 Cirino / RJ",2024-08-30
4053,Pedro Miguel da Mata,raul40@example.com,(041) 9814-4273,"Rodovia de Santos, 5
Vila Jardim Leblon
81238-081 Dias Paulista / AM",2023-12-18
86716,Maria Liz Andrade,fernandesana@example.org,+55 51 6188 5181,"Rua de Siqueira, 57
Vila Da Paz
51010014 Martins de Moura / RS",2023-09-20
32780,Melissa Rezende,isadoragoncalves@example.com,+55 84 7708 0333,"Morro Gustavo Ferreira, 447
Santana Do Cafezal
88003-097 da Cunha / AM",2023-01-27
50654,Nicolas Lopes,karaujo@example.net,71 1847-6362,"Campo de Cavalcante, 93
Flavio De Oliveira
05620737 Melo da Serra / MG",2020-01-25
63838,Marcela Nunes,luiz-felipe07@example.org,0300-385-2823,"Recanto Heloísa Gonçalves, 899
Vila Havaí
41180-567 Souza / AP",2021-01-22
19824,Calebe Moura,jesusbento@example.com,+55 71 6511 4312,"Aeroporto Maria Fonseca, 741
Bandeirantes
38468761 Vasconcelos / AM",2023-11-20
5705,Rodrigo Rezende,jrocha@example.com,(051) 9106 7542,"Trecho das Neves, 39
Novo Aarão Reis
88709-355 Viana / GO",2024-09-16
5898,Rafaela Santos,pda-mota@example.net,+55 61 7613 1800,"Área de Melo, 43
São Francisco
94349772 da Mata de Leão / PE",2024-07-27
28934,Marcelo Andrade,fda-paz@example.com,+55 61 5243-0418,"Largo Luísa Araújo, 25
Tupi B
63473-666 Borges da Prata / PA",2021-01-09
96586,Dr. Henry Gabriel Guerra,freitasmaria-eduarda@example.org,+55 61 5049-6807,"Lagoa de Cavalcante, 29
Maria Helena
20637110 da Rosa / GO",2024-07-24
64125,Vitor Gabriel Caldeira,xnascimento@example.org,81 7105-0735,"Passarela de Machado, 488
Dom Bosco
82544-730 Rios / MS",2024-08-01
32836,Dr. Gael Henrique Nogueira,duartetheo@example.net,41 8422-3330,"Sítio Giovanna Albuquerque, 36
Castelo
29379392 Alves / MG",2023-07-09
70317,Juan Garcia,amanda77@example.org,(031) 0272-0298,"Núcleo Aragão
Frei Leopoldo
79803-855 da Rosa / MT",2021-05-12
89274,Aurora Siqueira,cirinorodrigo@example.org,0800 040 1672,"Parque de Freitas
Xodo-Marize
03248440 Nascimento de Minas / RR",2020-01-10
59291,Antony Costa,calebesantos@example.org,0500-771-4879,"Favela Ramos, 65
Itaipu
26806-325 Souza / GO",2021-02-19
18578,Sr. Pedro Lucas Pacheco,diogo88@example.net,+55 11 3040 1521,"Avenida Azevedo, 98
Comiteco
67601-922 Campos / AM",2020-11-16
93460,João Guilherme Novais,josemonteiro@example.com,+55 84 7075-8910,"Feira Ana Júlia Guerra, 270
Bonsucesso
38255-153 Garcia / RO",2020-12-29
95698,Nicolas Garcia,montenegromaria-laura@example.org,+55 (081) 5316 6353,"Ladeira José Miguel Silva, 13
Ouro Minas
48600-148 Andrade / GO",2023-03-21
77452,Isadora Marques,peixotomariah@example.net,81 5630-8869,"Estrada de Peixoto, 28
Vila Nova Gameleira 1ª Seção
48511-468 Gonçalves / PE",2021-02-03
92941,Lorena Viana,maria-helenamontenegro@example.com,0500-243-4570,"Praia Ana Cecília Gonçalves, 85
São Jorge 1ª Seção
19261724 Jesus / ES",2024-01-25
21847,José Macedo,pedro-lucas46@example.com,11 8026-4319,"Largo de Vasconcelos, 30
Vila Boa Vista
78174-799 da Cruz Alegre / SE",2024-06-03
44716,Eduarda da Cruz,castrodaniel@example.net,0900 882 8590,"Vale de Garcia, 49
Xodo-Marize
79438460 Lima / RS",2021-03-20
49882,Rafael Carvalho,lbrito@example.net,+55 71 3792-2970,"Rodovia Sales, 5
Ipiranga
71971-549 da Mata / RS",2023-04-20
24017,Sara Martins,tda-cruz@example.net,+55 84 0254 4502,"Morro Ramos, 730
Vila Mangueiras
34322570 Nunes da Serra / AL",2024-10-13
93083,Gabriela Vieira,piresbenicio@example.net,+55 51 5858 0628,"Feira Peixoto, 62
Ventosa
95959299 Ferreira / PA",2023-08-26
57813,Eduarda Câmara,almeidaapollo@example.com,+55 (081) 0831-8413,"Chácara Barbosa, 45
Conjunto Novo Dom Bosco
06670004 Lima / MG",2021-09-17
55154,Anna Liz Jesus,monteirootavio@example.com,51 5878 8471,"Vale Barros, 39
Suzana
36816-603 da Rocha / MA",2022-06-25
73690,Marcelo Costa,abreuanthony@example.org,(084) 9853 0441,"Vila Pastor
Leticia
33777-040 Campos de Martins / RR",2020-05-13
62315,Pedro Miguel Marques,thiagoborges@example.net,+55 81 8222 6989,"Vereda Barbosa
Barão Homem De Melo 3ª Seção
50573758 Albuquerque do Campo / TO",2023-06-28
45918,Thiago Cavalcante,gustavo-henrique09@example.net,21 4478 5802,"Fazenda de Almeida
Venda Nova
29075-691 Cavalcante / BA",2022-01-14
38790,Ana Julia Cirino,benicio36@example.org,71 3783-4985,"Alameda de Sampaio, 1
Vila União
76878939 Mendes do Oeste / MT",2021-08-23
68161,Maria Clara Novaes,gpeixoto@example.net,(031) 8339 4175,"Praia Ana Jesus, 18
Goiania
95197-565 Martins de Minas / CE",2023-07-13
72765,Daniel Mendes,evelyn68@example.org,(051) 2851 6706,"Favela Mendes
Candelaria
45829661 Leão do Campo / BA",2023-01-29
18391,João Guilherme Nogueira,asafe65@example.net,0800 350 6663,"Ladeira da Paz, 51
Vila Copasa
93163-371 Rocha da Serra / PA",2021-04-03
99195,André Camargo,llopes@example.org,0900-382-8322,"Área Casa Grande
Novo Das Industrias
69231-122 Fonseca / GO",2022-06-01
98863,Dr. Josué Moraes,sofia31@example.com,+55 31 8761 5327,"Pátio Diego Cavalcante, 45
Marilandia
04715-829 Macedo / PA",2024-02-28
29817,Maria Luiza Siqueira,amartins@example.net,+55 21 9821-7698,"Trecho de Silveira, 30
Vila Piratininga
27159-868 Alves / PE",2022-03-23
32221,Ana Beatriz Pimenta,ana-liz24@example.com,+55 81 7799-9511,"Pátio da Cruz, 19
Vila Independencia 1ª Seção
50773641 Rocha da Prata / PI",2023-03-10
80175,Zoe Campos,ycamara@example.org,(081) 1253-8428,"Trevo de da Cruz, 884
Santo André
42167-320 Dias do Campo / PR",2021-05-07
78107,Maria Cecília Castro,miguelmendonca@example.net,+55 (081) 3144-1377,"Aeroporto Ísis Abreu, 2
Vila Mangueiras
28973942 da Cunha do Amparo / AL",2024-09-09
41812,Ana Sophia Cunha,ryanda-mata@example.org,0800 240 1822,"Vereda de Rezende
Vila Esplanada
85614270 Camargo da Praia / MT",2020-12-18
93378,Dante Mendonça,luiz-fernandoandrade@example.org,+55 31 4996 5307,"Loteamento Rios, 51
Vila Dos Anjos
45554370 Câmara / RJ",2021-04-18
902,Melissa da Mota,sara96@example.org,+55 (031) 2889 4267,"Via Dias, 152
Laranjeiras
62715315 Dias do Sul / PR",2020-03-28
89974,Benício Peixoto,da-cunhamarcelo@example.net,+55 (041) 2341 7937,"Núcleo de Castro, 4
Vila Copacabana
10210-195 Costa / RS",2021-05-08
31542,Ágatha Pires,antonio95@example.com,(061) 0779 0065,"Núcleo Isaac da Mota, 4
Jatobá
04728-773 Moura / AC",2020-01-27
73227,Lucas Marques,isabel71@example.org,11 1357 1206,"Travessa Davi Miguel Gomes, 93
Vila Betânia
32697-567 Fogaça de Rezende / TO",2022-03-07
10370,Dr. Anthony Cirino,ana-sophiapires@example.org,+55 (061) 0605-0025,"Praça Rafael Almeida, 22
Miramar
07115-309 Andrade / RN",2024-01-28
9651,Olívia Rocha,fariasmelina@example.net,31 8794 0466,"Ladeira da Rocha, 34
Conjunto Minas Caixa
12153640 Sales da Serra / AP",2020-08-09
81977,Dra. Zoe Pastor,abreucamila@example.net,84 8729 3923,"Condomínio Fogaça
Vila Minaslandia
41346188 Peixoto / RR",2022-09-04
74773,Aurora Garcia,barbara14@example.com,71 7541 3627,"Trecho Breno Borges, 9
Goiania
64248920 Câmara Grande / SE",2022-02-22
50043,Vinícius Lopes,hporto@example.org,+55 11 4748 6044,"Morro de Macedo, 432
Vila Novo São Lucas
19799748 Aparecida / SC",2024-01-16
70703,Anna Liz Ferreira,lunamacedo@example.com,0500-130-5880,"Esplanada Maria Clara Barros, 96
Vila Piratininga Venda Nova
88126301 Sousa / SP",2022-04-18
78761,Sophie das Neves,wda-mota@example.org,21 4913-6850,"Estrada Alexia da Costa, 35
Vila Sesc
10056324 Fonseca de Jesus / PA",2023-11-17
686,Valentim Rezende,calebe43@example.org,+55 (041) 2438-3322,"Área Anna Liz Pinto
Jaqueline
95794598 Peixoto Paulista / RN",2023-03-22
21175,Liz Marques,ryansiqueira@example.com,+55 31 3536 5856,"Estrada Paulo Cardoso, 861
Distrito Industrial Do Jatoba
64742-646 Rezende da Mata / PI",2024-10-05
70151,Sr. Ravi Lucca Vasconcelos,marcos-viniciusmacedo@example.org,+55 84 0324 8862,"Viela Isabella Martins, 75
Canaa
37067-514 Cirino da Mata / AL",2022-03-05
19621,Sra. Yasmin Correia,caio95@example.net,(051) 6879-6244,"Largo Sales, 52
Serra Verde
36736042 Campos / MA",2022-12-23
45230,Sra. Valentina Cavalcante,otaviosa@example.com,81 6520-6249,"Chácara Monteiro, 85
Milionario
50897912 Sales da Serra / RO",2022-08-10
11194,João Lucas Melo,gustavomoreira@example.org,+55 71 2033-7857,"Parque de Cavalcanti, 61
Vila Atila De Paiva
20569507 Freitas / ES",2023-02-11
27099,Isabel Castro,silvalevi@example.com,61 3087-6713,"Fazenda Borges, 32
Conjunto Taquaril
53184-386 Fernandes de Almeida / PE",2024-07-04
22954,Ravy Câmara,eda-rosa@example.org,(051) 6222-6532,"Núcleo Josué Cavalcanti, 22
Conjunto Califórnia Ii
34145-519 Ramos da Praia / MA",2022-05-11
57595,Sara Nascimento,maiteteixeira@example.com,+55 51 8965 1048,"Vereda Yago Porto, 6
Santa Inês
88341-532 Novaes / PA",2020-10-17
59897,Luiz Gustavo Pimenta,goncalvesmaria-luisa@example.org,+55 (051) 8244-1178,"Setor de Caldeira, 31
Maria Goretti
65974593 Machado de Marques / AC",2021-12-15
65888,Emanuella Campos,maria-isiscamargo@example.com,(041) 7025-4664,"Passarela Casa Grande, 14
Outro
97354-628 da Rocha / RJ",2024-06-16
49373,Antonella Nascimento,almeidaluana@example.com,71 1682 5638,"Aeroporto de Campos
Álvaro Camargos
53676-423 Alves / AM",2022-01-20
91208,Arthur Gabriel Araújo,elisa53@example.org,(041) 0871-6773,"Vereda de Cunha, 878
São Salvador
66120298 Fernandes / ES",2021-08-26
21395,Davi Lucas Gomes,maria-helena55@example.org,(011) 5348-6153,"Viela de Melo, 51
Universo
67395-874 da Rocha / MS",2024-04-05
10944,Ana Sophia Aragão,salesanna-liz@example.net,(084) 7044 1360,"Chácara de Cavalcante, 34
Cabana Do Pai Tomás
81019-802 Siqueira de da Mata / DF",2022-06-05
97974,Dra. Nina Jesus,fsilva@example.com,21 3002-4210,"Praia de Mendes, 8
Conjunto Providencia
03071909 Mendes da Praia / TO",2021-07-12
49719,Nicole Aparecida,fariasmaria-cecilia@example.com,11 6995 0679,"Lago Barros, 66
Califórnia
18750609 da Mata / RJ",2024-04-28
34323,Arthur Costa,dom00@example.com,+55 84 7014 1733,"Distrito de da Mata, 76
Pindorama
42080-733 Porto Verde / BA",2020-11-12
18045,Caleb da Costa,joao-pedro82@example.org,(051) 5333 5482,"Largo Maria Julia Cardoso, 85
Conjunto Santa Maria
16684688 Rodrigues de Sousa / RS",2024-03-27
49168,Dra. Maria Cecília Fernandes,erickmendes@example.net,+55 51 5554 2794,"Feira Pimenta, 49
Flamengo
20407748 Pires do Amparo / SC",2023-05-04
38941,Dr. Otávio Alves,wmoraes@example.com,+55 (084) 0749 0827,"Pátio Rezende, 53
Heliopolis
36840-723 Silveira da Mata / BA",2021-03-12
51387,Sophie Pires,ocastro@example.com,+55 41 4431 4843,"Estação Matheus Fernandes, 64
Marieta 1ª Seção
46950-412 Campos do Galho / PB",2020-11-26
73595,Maria Isis Moreira,ramosarthur-gabriel@example.org,+55 (041) 8805 6615,"Largo Aparecida, 878
Glória
17002-885 da Mota do Sul / RS",2024-01-04
30824,Isabelly da Mata,sabrayan@example.com,21 4747 6172,"Viaduto de da Mata, 32
Lagoa
70040092 Pinto / SP",2021-12-16
3017,Ian Moreira,cunhaemilly@example.com,+55 (031) 2679 3803,"Travessa de Lima, 13
Cdi Jatoba
06312231 Borges do Oeste / BA",2023-01-09
69209,Dra. Rafaela Pacheco,beatriz00@example.org,84 9010 4395,"Parque Arthur Miguel Abreu, 9
Vila Barragem Santa Lúcia
48939-919 Machado de Sá / MS",2021-08-11
39147,Mariah Mendes,azevedomarina@example.org,0900-385-2106,"Loteamento Andrade, 77
Tirol
24336148 Campos / CE",2024-05-23
60651,Ana Clara Garcia,maria-liz87@example.com,11 6412 6313,"Feira Albuquerque, 17
Coração Eucarístico
06313485 Campos de Nogueira / RN",2024-08-01
64489,Maria Carvalho,benjamin92@example.com,+55 31 4070 6132,"Residencial Ana Clara Nunes, 8
Santa Helena
82642355 Rezende / AC",2024-05-09
4014,Maria Luiza Freitas,sabryan@example.net,84 7800 3088,"Área Davi Lucas Andrade, 893
Lagoa
15851354 Novaes do Galho / RS",2023-12-31
98586,Ana Julia Pires,daniel95@example.net,+55 (051) 6903 8360,"Sítio Carolina Albuquerque, 3
Vila Mantiqueira
56230-333 Costa / PE",2021-05-29
97413,Mariana da Conceição,juanrocha@example.com,11 6172-3553,"Parque Daniela Garcia, 893
Vila São João Batista
30240-425 Aparecida / BA",2021-10-02
80278,Gabriel Caldeira,cgomes@example.com,81 5811-0706,"Viaduto Azevedo, 453
Vila Esplanada
10489457 Monteiro do Amparo / MG",2021-07-31
3402,José Peixoto,qda-mata@example.com,+55 51 3464 4119,"Esplanada Ramos, 923
Vila Da Ária
57967675 Pinto / PA",2022-06-22
19597,Vitor Farias,gustavo78@example.com,81 3260-3877,"Aeroporto Rezende, 52
Buraco Quente
81030225 Novais de Mendes / RS",2020-10-29
12795,Maitê Nunes,nporto@example.org,+55 (084) 9899 7670,"Ladeira Marcelo Monteiro, 24
Aparecida
62804710 Moreira / MA",2024-09-17
61460,Benjamin Cavalcante,isadoracostela@example.net,+55 61 1610-1113,"Distrito Araújo, 29
Candelaria
03667-204 Cunha de Costa / PI",2024-08-02
39200,Henry Duarte,melissa10@example.net,51 1032 1771,"Praia Samuel Fonseca, 51
Camponesa 2ª Seção
71948-212 Almeida de Goiás / AM",2021-03-12
2191,Ana Sophia da Cruz,lsiqueira@example.net,(061) 7993-8708,"Avenida de Azevedo, 588
Acaba Mundo
85840-600 Lima / CE",2023-03-19
67947,Asafe Mendes,igorda-rosa@example.org,11 8460 2935,"Colônia Fernandes, 17
Estrela
38238973 da Luz de Farias / RR",2022-01-24
45082,José Rezende,da-luzdiogo@example.org,0300 098 5646,"Travessa Ravy Monteiro, 31
Vila Jardim Leblon
87702035 Abreu de Costa / PR",2021-05-24
90076,Mariah Oliveira,osouza@example.org,+55 (071) 1386 4943,"Trevo Maria Alice Araújo, 934
Vila De Sá
61414-535 Ribeiro / SE",2022-12-31
55435,Aurora Leão,dantepimenta@example.com,(061) 8721 5185,"Vereda Pires, 54
Alpes
86578-183 Vieira das Flores / RR",2020-08-21
47078,Isis Sampaio,pimentayuri@example.org,+55 (061) 1715 5412,"Travessa de Sales, 22
São Tomaz
27316884 Silveira Paulista / SE",2020-01-02
587,Anthony Gabriel Vasconcelos,salesmateus@example.org,(021) 8995 4416,"Setor Diogo Sampaio, 6
Copacabana
37340305 Farias / BA",2023-03-22
28857,Otto Sales,clarasousa@example.com,31 3805 5349,"Recanto Pacheco
Goiania
91377812 Nogueira do Campo / PI",2020-01-02
50137,Olívia Gonçalves,maysasa@example.net,+55 31 6261-6466,"Rua da Mota, 92
Santa Terezinha
41784-934 Viana de Barros / SP",2021-09-13
14036,Brenda da Rocha,emanuellynunes@example.com,0500 778 3109,"Quadra de Gomes, 63
Nova Floresta
82029-727 Barros / SE",2022-06-12
37393,Ravi Lucca Correia,fernandesjoao-vitor@example.com,+55 (031) 7637 3251,"Núcleo da Conceição, 60
Piratininga
18093-668 Aparecida de Sampaio / TO",2021-07-22
17828,Thales Nunes,albuquerquelorenzo@example.net,+55 31 0851 2132,"Colônia Rocha, 808
Xangri-Lá
19861-678 Albuquerque / PR",2023-05-11
91878,Sophia Cunha,npinto@example.org,31 8168-2551,"Ladeira da Rosa, 3
Lorena
33413-602 Pastor / MA",2023-11-15
79606,Heitor Vasconcelos,fariasjulia@example.net,61 6047-9477,"Área Brenda Guerra, 49
Pilar
02384148 da Mata / PI",2020-04-21
60455,Anthony Gabriel Cavalcanti,allana65@example.net,+55 (061) 3891 6451,"Vila Camila Mendonça, 892
Bom Jesus
54581126 Caldeira do Amparo / RR",2023-01-29
34918,Dr. Enzo Gabriel Vargas,manuela84@example.net,+55 (011) 4364-0479,"Núcleo de da Cruz, 32
Cidade Jardim Taquaril
30410-250 Mendes / AP",2023-02-26
87969,Elisa Barros,koliveira@example.com,+55 84 6561-0201,"Setor Siqueira, 86
Vila Maria
24219-585 Porto / RS",2022-07-05
97720,Srta. Maria Julia Lima,xmacedo@example.net,0900 119 5249,"Rua Ferreira, 2
São João
83408400 Gomes da Mata / PR",2021-07-22
50613,Cauê Fonseca,eramos@example.org,+55 61 3274-7216,"Passarela de Silveira, 71
Vila Paraíso
14528774 Lopes / CE",2024-06-16
